{
  "project_info": {
    "project_number": "402432240819",
    "project_id": "to-do-list-c066f",
    "storage_bucket": "to-do-list-c066f.firebasestorage.app"
  },
  "client": [
    {
      "client_info": {
        "mobilesdk_app_id": "1:402432240819:android:3e70bd7028e09a928e54c6",
        "android_client_info": {
          "package_name": "com.shivprakash.to_dolist"
        }
      },
      "oauth_client": [
        {
          "client_id": "402432240819-vsblh1mnqu0ntjrveba6m1529hdclbjb.apps.googleusercontent.com",
          "client_type": 1,
          "android_info": {
            "package_name": "com.shivprakash.to_dolist",
            "certificate_hash": "2f068d7e250504cfc2ca72c59ee0e10bbe289b92"
          }
        },
        {
          "client_id": "402432240819-ukp5517u5vkilhmat3ffr3r2kukoars7.apps.googleusercontent.com",
          "client_type": 3
        }
      ],
      "api_key": [
        {
          "current_key": "AIzaSyAKxRyBocFQeGnONf1hKTMCaQY0lxy1tXs"
        }
      ],
      "services": {
        "appinvite_service": {
          "other_platform_oauth_client": [
            {
              "client_id": "402432240819-ukp5517u5vkilhmat3ffr3r2kukoars7.apps.googleusercontent.com",
              "client_type": 3
            }
          ]
        }
      }
    }
  ],
  "configuration_version": "1"
}